PC1,contig,position,REF,ALT,QUAL,INFO,FORMAT,38LTR_gt,38LTR_tot.depth,38LTR_allele.depth,38LTR_ref.depth,38LTR_ref.qual,38LTR_alt.depth,38LTR_alt.qual,38LTR_gt.lik,42LTR_gt,42LTR_tot.depth,42LTR_allele.depth,42LTR_ref.depth,42LTR_ref.qual,42LTR_alt.depth,42LTR_alt.qual,42LTR_gt.lik,42LTRR_gt,42LTRR_tot.depth,42LTRR_allele.depth,42LTRR_ref.depth,42LTRR_ref.qual,42LTRR_alt.depth,42LTRR_alt.qual,42LTRR_gt.lik,43LTR_gt,43LTR_tot.depth,43LTR_allele.depth,43LTR_ref.depth,43LTR_ref.qual,43LTR_alt.depth,43LTR_alt.qual,43LTR_gt.lik,43LTRR_gt,43LTRR_tot.depth,43LTRR_allele.depth,43LTRR_ref.depth,43LTRR_ref.qual,43LTRR_alt.depth,43LTRR_alt.qual,43LTRR_gt.lik,49LTWR_gt,49LTWR_tot.depth,49LTWR_allele.depth,49LTWR_ref.depth,49LTWR_ref.qual,49LTWR_alt.depth,49LTWR_alt.qual,49LTWR_gt.lik,49LTWRR_gt,49LTWRR_tot.depth,49LTWRR_allele.depth,49LTWRR_ref.depth,49LTWRR_ref.qual,49LTWRR_alt.depth,49LTWRR_alt.qual,49LTWRR_gt.lik,95LTWR_gt,95LTWR_tot.depth,95LTWR_allele.depth,95LTWR_ref.depth,95LTWR_ref.qual,95LTWR_alt.depth,95LTWR_alt.qual,95LTWR_gt.lik,95LTWRR_gt,95LTWRR_tot.depth,95LTWRR_allele.depth,95LTWRR_ref.depth,95LTWRR_ref.qual,95LTWRR_alt.depth,95LTWRR_alt.qual,95LTWRR_gt.lik,99LTWR_gt,99LTWR_tot.depth,99LTWR_allele.depth,99LTWR_ref.depth,99LTWR_ref.qual,99LTWR_alt.depth,99LTWR_alt.qual,99LTWR_gt.lik,TOTAL_DEPTH
-0.012424775263483913,GCZN01054158.1,72,T,G,1044.28,AB=0.6875;ABP=7.89611;AC=9;AF=0.45;AN=20;AO=44;CIGAR=1X;DP=129;DPB=129;DPRA=2.2;EPP=10.1169;EPPR=16.5245;GTI=2;LEN=1;MEANALT=1;MQM=60;MQMR=60;NS=10;NUMALT=1;ODDS=0.551774;PAIRED=1;PAIREDR=0.988235;PAO=0;PQA=0;PQR=0;PRO=0;QA=1546;QR=3123;RO=85;RPL=24;RPP=3.79993;RPPR=12.2327;RPR=20;RUN=1;SAF=36;SAP=41.702;SAR=8;SRF=55;SRP=18.977;SRR=30;TYPE=snp,GT:DP:AD:RO:QR:AO:QA:GL,0/1,16,"5,11",5,185,11,399,"-31.4369,0,-12.1935",1/1,16,"0,16",0,0,16,548,"-49.6349,-4.81648,0",1/1,3,"0,3",0,0,3,107,"-9.98181,-0.90309,0",1/1,5,"0,5",0,0,5,181,"-16.6432,-1.50515,0",1/1,6,"0,6",0,0,6,200,"-18.3234,-1.80618,0",0/0,19,"19,0",19,703,0,0,"0,-5.71957,-63.6027",0/0,4,"4,0",4,144,0,0,"0,-1.20412,-13.3132",0/0,4,"4,0",4,148,0,0,"0,-1.20412,-13.682",0/0,3,"3,0",3,111,0,0,"0,-0.90309,-10.3539",0/0,53,"50,3",50,1832,3,111,"0,-5.60067,-154.799",129
-0.012424775263483913,GCZN01054158.1,150,T,C,1824,AB=0;ABP=0;AC=10;AF=0.5;AN=20;AO=70;CIGAR=1X;DP=212;DPB=212;DPRA=2.34043;EPP=20.8784;EPPR=27.4776;GTI=2;LEN=1;MEANALT=1;MQM=60;MQMR=59.8028;NS=10;NUMALT=1;ODDS=1.01444;PAIRED=0.957143;PAIREDR=0.950704;PAO=0;PQA=0;PQR=0;PRO=0;QA=2436;QR=5136;RO=142;RPL=41;RPP=7.47733;RPPR=13.3477;RPR=29;RUN=1;SAF=38;SAP=4.12706;SAR=32;SRF=91;SRP=27.4776;SRR=51;TYPE=snp,GT:DP:AD:RO:QR:AO:QA:GL,1/1,21,"1,20",1,37,20,690,"-58.7181,-2.6238,0",1/1,21,"0,21",0,0,21,761,"-68.8159,-6.32163,0",1/1,6,"0,6",0,0,6,222,"-20.3381,-1.80618,0",1/1,14,"0,14",0,0,14,468,"-42.437,-4.21442,0",1/1,5,"0,5",0,0,5,159,"-14.6212,-1.50515,0",0/0,18,"18,0",18,650,0,0,"0,-5.41854,-58.8305",0/0,15,"15,0",15,551,0,0,"0,-4.51545,-49.8396",0/0,6,"6,0",6,214,0,0,"0,-1.80618,-19.6071",0/0,8,"8,0",8,288,0,0,"0,-2.40824,-26.2665",0/0,98,"94,4",94,3396,4,136,"0,-16.9253,-293.262",212
-0.012424775263483913,GCZN01054158.1,188,T,C,1613.43,AB=0;ABP=0;AC=10;AF=0.5;AN=20;AO=61;CIGAR=1X;DP=208;DPB=208;DPRA=2.10667;EPP=4.7546;EPPR=35.6415;GTI=2;LEN=1;MEANALT=1;MQM=59.4918;MQMR=60;NS=10;NUMALT=1;ODDS=2.16726;PAIRED=0.983607;PAIREDR=0.986395;PAO=0;PQA=0;PQR=0;PRO=0;QA=2167;QR=5325;RO=147;RPL=29;RPP=3.33068;RPPR=19.0969;RPR=32;RUN=1;SAF=42;SAP=21.8416;SAR=19;SRF=89;SRP=17.2061;SRR=58;TYPE=snp,GT:DP:AD:RO:QR:AO:QA:GL,1/1,13,"0,13",0,0,13,455,"-41.221,-3.91339,0",1/1,18,"0,18",0,0,18,636,"-57.5656,-5.41854,0",1/1,6,"0,6",0,0,6,222,"-20.3381,-1.80618,0",1/1,15,"0,15",0,0,15,547,"-49.5675,-4.51545,0",1/1,5,"0,5",0,0,5,181,"-16.6432,-1.50515,0",0/0,21,"21,0",21,747,0,0,"0,-6.32163,-67.5488",0/0,15,"15,0",15,551,0,0,"0,-4.51545,-49.929",0/0,7,"7,0",7,249,0,0,"0,-2.10721,-22.7536",0/0,7,"7,0",7,259,0,0,"0,-2.10721,-23.6661",0/0,101,"97,4",97,3519,4,126,"0,-18.7551,-305.244",208
-0.012424775263483913,GCZN01054158.1,240,A,G,2546.21,AB=0.913043;ABP=37.093;AC=9;AF=0.45;AN=20;AO=92;CIGAR=1X;DP=270;DPB=270;DPRA=2.23656;EPP=3.10471;EPPR=3.20549;GTI=1;LEN=1;MEANALT=1;MQM=59.9565;MQMR=60;NS=10;NUMALT=1;ODDS=0.0926082;PAIRED=0.967391;PAIREDR=0.977528;PAO=0;PQA=0;PQR=0;PRO=0;QA=3331;QR=6410;RO=178;RPL=54;RPP=9.05266;RPPR=22.5292;RPR=38;RUN=1;SAF=41;SAP=5.3706;SAR=51;SRF=72;SRP=17.1127;SRR=106;TYPE=snp,GT:DP:AD:RO:QR:AO:QA:GL,0/1,23,"2,21",2,74,21,720,"-58.1865,0,-0.102186",1/1,28,"0,28",0,0,28,1032,"-93.1948,-8.42884,0",1/1,6,"0,6",0,0,6,218,"-19.9726,-1.80618,0",1/1,23,"0,23",0,0,23,843,"-76.1937,-6.92369,0",1/1,8,"0,8",0,0,8,296,"-26.9942,-2.40824,0",0/0,25,"25,0",25,891,0,0,"0,-7.52575,-80.5028",0/0,17,"17,0",17,599,0,0,"0,-5.11751,-54.2332",0/0,12,"12,0",12,440,0,0,"0,-3.61236,-39.9442",0/0,8,"8,0",8,296,0,0,"0,-2.40824,-26.9942",0/0,120,"114,6",114,4110,6,222,"0,-15.7855,-349.726",270
-0.01167979862541551,GCZN01054158.1,434,A,G,2029.95,AB=0.373494;ABP=14.5479;AC=10;AF=0.5;AN=20;AO=75;CIGAR=1X;DP=155;DPB=155;DPRA=3.02381;EPP=11.3777;EPPR=3.11887;GTI=1;LEN=1;MEANALT=1;MQM=60;MQMR=60;NS=10;NUMALT=1;ODDS=0.977113;PAIRED=0.986667;PAIREDR=1;PAO=0;PQA=0;PQR=0;PRO=0;QA=2703;QR=2880;RO=80;RPL=40;RPP=3.73412;RPPR=11.8048;RPR=35;RUN=1;SAF=40;SAP=3.73412;SAR=35;SRF=48;SRP=9.95901;SRR=32;TYPE=snp,GT:DP:AD:RO:QR:AO:QA:GL,0/1,26,"5,21",5,185,21,763,"-61.1683,0,-9.18323",1/1,21,"0,21",0,0,21,735,"-66.4666,-6.32163,0",1/1,7,"0,7",0,0,7,259,"-23.6661,-2.10721,0",1/1,14,"0,14",0,0,14,514,"-46.6008,-4.21442,0",1/1,2,"0,2",0,0,2,74,"-7.02588,-0.60206,0",0/0,16,"16,0",16,574,0,0,"0,-4.81648,-51.9914",0/0,6,"6,0",6,208,0,0,"0,-1.80618,-19.0577",0/0,2,"2,0",2,70,0,0,"0,-0.60206,-6.64712",0/0,4,"4,0",4,148,0,0,"0,-1.20412,-13.682",0/1,57,"47,10",47,1695,10,358,"-15.4031,0,-135.667",155
-0.012424775263483913,GCZN01054158.1,603,A,T,2498.68,AB=0.772727;ABP=17.2236;AC=9;AF=0.45;AN=20;AO=85;CIGAR=1X;DP=218;DPB=218;DPRA=0.703125;EPP=21.6339;EPPR=8.9043;GTI=1;LEN=1;MEANALT=1;MQM=60;MQMR=60;NS=10;NUMALT=1;ODDS=1.35616;PAIRED=1;PAIREDR=1;PAO=0;PQA=0;PQR=0;PRO=0;QA=3067;QR=4841;RO=133;RPL=45;RPP=3.64897;RPPR=13.2146;RPR=40;RUN=1;SAF=53;SAP=14.2764;SAR=32;SRF=77;SRP=10.2104;SRR=56;TYPE=snp,GT:DP:AD:RO:QR:AO:QA:GL,0/1,22,"5,17",5,177,17,621,"-49.6016,0,-9.65376",1/1,24,"0,24",0,0,24,858,"-77.5347,-7.22472,0",1/1,6,"0,6",0,0,6,218,"-19.9726,-1.80618,0",1/1,19,"0,19",0,0,19,667,"-60.352,-5.71957,0",1/1,19,"0,19",0,0,19,703,"-63.6027,-5.71957,0",0/0,22,"22,0",22,796,0,0,"0,-6.62266,-71.9627",0/0,8,"8,0",8,296,0,0,"0,-2.40824,-26.9942",0/0,7,"7,0",7,259,0,0,"0,-2.10721,-23.6661",0/0,4,"4,0",4,148,0,0,"0,-1.20412,-13.682",0/0,87,"87,0",87,3165,0,0,"0,-26.1896,-285.058",218
-0.0117327999321092,GCZN01054158.1,626,G,A,2747.93,AB=0.564103;ABP=4.40227;AC=10;AF=0.5;AN=20;AO=99;CIGAR=1X;DP=232;DPB=232;DPRA=2.25869;EPP=5.66432;EPPR=8.9043;GTI=1;LEN=1;MEANALT=1;MQM=60;MQMR=60;NS=10;NUMALT=1;ODDS=0.364452;PAIRED=1;PAIREDR=1;PAO=0;PQA=0;PQR=0;PRO=0;QA=3539;QR=4785;RO=133;RPL=37;RPP=16.7191;RPPR=6.68384;RPR=62;RUN=1;SAF=71;SAP=43.5664;SAR=28;SRF=78;SRP=11.6472;SRR=55;TYPE=snp,GT:DP:AD:RO:QR:AO:QA:GL,0/1,27,"6,21",6,208,21,747,"-59.421,0,-10.9299",1/1,22,"0,22",0,0,22,796,"-71.9627,-6.62266,0",1/1,4,"0,4",0,0,4,148,"-13.682,-1.20412,0",1/1,25,"0,25",0,0,25,905,"-81.7688,-7.52575,0",1/1,22,"0,22",0,0,22,780,"-70.5168,-6.62266,0",0/0,28,"28,0",28,1028,0,0,"0,-8.42884,-92.8346",0/0,6,"6,0",6,222,0,0,"0,-1.80618,-20.3381",0/1,12,"11,1",11,399,1,37,"-0.0854694,0,-32.641",0/0,3,"3,0",3,107,0,0,"0,-0.90309,-9.98181",0/0,83,"79,4",79,2821,4,126,"0,-13.3365,-242.458",232
-0.0117327999321092,GCZN01054158.1,664,G,A,4310.94,AB=0.1;ABP=16.9077;AC=11;AF=0.55;AN=20;AO=150;CIGAR=1X;DP=278;DPB=278;DPRA=2.97551;EPP=14.3599;EPPR=5.45321;GTI=2;LEN=1;MEANALT=1;MQM=60;MQMR=60;NS=10;NUMALT=1;ODDS=0.0112527;PAIRED=1;PAIREDR=1;PAO=0;PQA=0;PQR=0;PRO=0;QA=5371;QR=4680;RO=128;RPL=61;RPP=14.3599;RPPR=9.79615;RPR=89;RUN=1;SAF=76;SAP=3.06821;SAR=74;SRF=72;SRP=7.35324;SRR=56;TYPE=snp,GT:DP:AD:RO:QR:AO:QA:GL,1/1,28,"3,25",3,89,25,891,"-72.1985,-0.126238,0",1/1,41,"0,41",0,0,41,1447,"-130.513,-12.3422,0",1/1,14,"0,14",0,0,14,492,"-44.607,-4.21442,0",1/1,36,"0,36",0,0,36,1328,"-119.82,-10.8371,0",1/1,26,"0,26",0,0,26,917,"-82.8367,-7.82678,0",0/0,22,"22,0",22,814,0,0,"0,-6.62266,-73.5868",0/0,9,"9,0",9,333,0,0,"0,-2.70927,-30.3222",0/1,10,"9,1",9,329,1,37,"-0.687529,0,-26.9486",0/0,4,"4,0",4,148,0,0,"0,-1.20412,-13.682",0/0,88,"81,7",81,2967,7,259,"0,-2.82453,-243.579",278
-0.0117327999321092,GCZN01054158.1,684,A,G,4590.74,AB=0.666667;ABP=13.1438;AC=10;AF=0.5;AN=20;AO=161;CIGAR=1X;DP=308;DPB=308;DPRA=2.95604;EPP=4.64228;EPPR=5.50675;GTI=0;LEN=1;MEANALT=1;MQM=58.5839;MQMR=60;NS=10;NUMALT=1;ODDS=3.11694;PAIRED=1;PAIREDR=1;PAO=0;PQA=0;PQR=0;PRO=0;QA=5836;QR=5261;RO=147;RPL=121;RPP=91.5012;RPPR=3.3796;RPR=40;RUN=1;SAF=85;SAP=4.10278;SAR=76;SRF=76;SRP=3.3796;SRR=71;TYPE=snp,GT:DP:AD:RO:QR:AO:QA:GL,0/1,31,"4,27",4,140,27,971,"-77.8119,0,-3.61245",1/1,46,"0,46",0,0,46,1671,"-150.669,-13.8474,0",1/1,14,"0,14",0,0,14,500,"-44.4373,-4.21442,0",1/1,37,"0,37",0,0,37,1343,"-120.538,-11.1381,0",1/1,28,"0,28",0,0,28,1032,"-92.1762,-8.42884,0",0/0,24,"24,0",24,850,0,0,"0,-7.22472,-76.8137",0/0,8,"8,0",8,296,0,0,"0,-2.40824,-26.9942",0/1,11,"10,1",10,370,1,37,"-0.386499,0,-30.3389",0/0,7,"7,0",7,251,0,0,"0,-2.10721,-22.9371",0/0,102,"94,8",94,3354,8,282,"0,-5.54963,-276.897",308
-0.012424775263483913,GCZN01054158.1,845,C,T,2899.28,AB=0.787879;ABP=26.7649;AC=9;AF=0.45;AN=20;AO=102;CIGAR=1X;DP=275;DPB=275;DPRA=2.06965;EPP=13.3141;EPPR=18.3863;GTI=1;LEN=1;MEANALT=1;MQM=60;MQMR=60;NS=10;NUMALT=1;ODDS=2.61229;PAIRED=1;PAIREDR=0.988439;PAO=0;PQA=0;PQR=0;PRO=0;QA=3695;QR=6209;RO=173;RPL=60;RPP=9.90792;RPPR=15.0726;RPR=42;RUN=1;SAF=46;SAP=5.13919;SAR=56;SRF=76;SRP=8.54567;SRR=97;TYPE=snp,GT:DP:AD:RO:QR:AO:QA:GL,0/1,33,"7,26",7,255,26,933,"-74.3487,0,-13.3676",1/1,32,"0,32",0,0,32,1164,"-105.067,-9.63296,0",1/1,7,"0,7",0,0,7,255,"-23.3016,-2.10721,0",1/1,21,"0,21",0,0,21,773,"-69.898,-6.32163,0",1/1,12,"0,12",0,0,12,422,"-38.3133,-3.61236,0",0/0,32,"32,0",32,1154,0,0,"0,-9.63296,-104.162",0/0,12,"12,0",12,430,0,0,"0,-3.61236,-39.0376",0/0,15,"15,0",15,511,0,0,"0,-4.51545,-46.3084",0/0,8,"8,0",8,288,0,0,"0,-2.40824,-26.2665",0/0,103,"99,4",99,3571,4,148,"0,-17.3241,-307.9",275
-0.012424775263483913,GCZN01054158.1,873,A,C,2278.3,AB=0.631579;ABP=5.8675;AC=9;AF=0.45;AN=20;AO=86;CIGAR=1X;DP=235;DPB=235;DPRA=2.13095;EPP=3.41429;EPPR=3.72441;GTI=1;LEN=1;MEANALT=1;MQM=60;MQMR=60;NS=10;NUMALT=1;ODDS=2.76189;PAIRED=1;PAIREDR=0.986577;PAO=0;PQA=0;PQR=0;PRO=0;QA=3076;QR=5435;RO=149;RPL=30;RPP=20.0791;RPPR=15.2667;RPR=56;RUN=1;SAF=55;SAP=17.5541;SAR=31;SRF=88;SRP=13.6345;SRR=61;TYPE=snp,GT:DP:AD:RO:QR:AO:QA:GL,0/1,19,"7,12",7,255,12,430,"-33.3181,0,-17.582",1/1,32,"0,32",0,0,32,1166,"-105.246,-9.63296,0",1/1,11,"0,11",0,0,11,393,"-35.7085,-3.31133,0",1/1,17,"0,17",0,0,17,581,"-52.6034,-5.11751,0",1/1,7,"0,7",0,0,7,251,"-22.9371,-2.10721,0",0/0,30,"30,0",30,1098,0,0,"0,-9.0309,-99.1307",0/0,8,"8,0",8,296,0,0,"0,-2.40824,-26.9942",0/0,10,"10,0",10,360,0,0,"0,-3.0103,-32.742",0/0,8,"8,0",8,296,0,0,"0,-2.40824,-26.9942",0/0,93,"86,7",86,3130,7,255,"0,-4.6942,-258.604",235
-0.012424775263483913,GCZN01054158.1,983,G,A,3573.08,AB=0.870968;ABP=40.0654;AC=9;AF=0.45;AN=20;AO=130;CIGAR=1X;DP=354;DPB=354;DPRA=2.52252;EPP=9.69175;EPPR=5.49198;GTI=1;LEN=1;MEANALT=1;MQM=60;MQMR=60;NS=10;NUMALT=1;ODDS=5.12756;PAIRED=1;PAIREDR=0.991071;PAO=0;PQA=0;PQR=0;PRO=0;QA=4610;QR=8016;RO=224;RPL=68;RPP=3.61163;RPPR=4.40625;RPR=62;RUN=1;SAF=49;SAP=20.1148;SAR=81;SRF=90;SRP=21.778;SRR=134;TYPE=snp,GT:DP:AD:RO:QR:AO:QA:GL,0/1,31,"4,27",4,148,27,929,"-74.5796,0,-4.35004",1/1,36,"0,36",0,0,36,1322,"-119.279,-10.8371,0",1/1,14,"0,14",0,0,14,510,"-46.2391,-4.21442,0",1/1,33,"3,30",3,89,30,1032,"-84.872,-1.63139,0",1/1,17,"0,17",0,0,17,595,"-53.8721,-5.11751,0",0/0,42,"42,0",42,1518,0,0,"0,-12.6433,-136.907",0/0,9,"9,0",9,329,0,0,"0,-2.70927,-29.9589",0/0,12,"12,0",12,422,0,0,"0,-3.61236,-38.3133",0/0,11,"11,0",11,395,0,0,"0,-3.31133,-35.8909",0/0,149,"143,6",143,5115,6,222,"0,-24.5154,-440.121",354
-0.012424775263483913,GCZN01054158.1,1043,G,A,2878.73,AB=0.84;ABP=28.1125;AC=9;AF=0.45;AN=20;AO=101;CIGAR=1X;DP=267;DPB=267;DPRA=2.4023;EPP=6.64375;EPPR=5.23441;GTI=1;LEN=1;MEANALT=1.16667;MQM=60;MQMR=60;NS=10;NUMALT=1;ODDS=2.7579;PAIRED=1;PAIREDR=0.981818;PAO=0;PQA=0;PQR=0;PRO=0;QA=3677;QR=5865;RO=165;RPL=53;RPP=3.54779;RPPR=4.0763;RPR=48;RUN=1;SAF=45;SAP=5.61177;SAR=56;SRF=79;SRP=3.65516;SRR=86;TYPE=snp,GT:DP:AD:RO:QR:AO:QA:GL,0/1,25,"4,21",4,144,21,773,"-62.3723,0,-5.78743",1/1,30,"0,29",0,0,29,1045,"-94.0284,-8.72987,0",1/1,6,"0,6",0,0,6,214,"-19.6071,-1.80618,0",1/1,30,"1,29",1,15,29,1057,"-93.9423,-7.53091,0",1/1,11,"0,11",0,0,11,407,"-36.9783,-3.31133,0",0/0,30,"30,0",30,1068,0,0,"0,-9.0309,-96.4284",0/0,10,"10,0",10,370,0,0,"0,-3.0103,-33.6502",0/0,7,"7,0",7,249,0,0,"0,-2.10721,-22.7536",0/0,11,"11,0",11,407,0,0,"0,-3.31133,-36.9783",0/0,107,"102,5",102,3612,5,181,"0,-15.567,-308.619",267
-0.012424775263483913,GCZN01054158.1,1069,C,A,2706.81,AB=0;ABP=0;AC=10;AF=0.5;AN=20;AO=97;CIGAR=1X;DP=265;DPB=265;DPRA=2.13757;EPP=4.82359;EPPR=11.1371;GTI=2;LEN=1;MEANALT=1.16667;MQM=60;MQMR=60;NS=10;NUMALT=1;ODDS=1.72078;PAIRED=1;PAIREDR=0.982036;PAO=0;PQA=0;PQR=0;PRO=0;QA=3555;QR=5917;RO=167;RPL=52;RPP=4.10723;RPPR=6.76812;RPR=45;RUN=1;SAF=39;SAP=11.0918;SAR=58;SRF=80;SRP=3.64744;SRR=87;TYPE=snp,GT:DP:AD:RO:QR:AO:QA:GL,1/1,24,"2,22",2,74,22,796,"-64.9369,-0.198844,0",1/1,36,"0,35",0,0,35,1279,"-115.253,-10.5361,0",1/1,6,"0,6",0,0,6,222,"-20.3381,-1.80618,0",1/1,21,"1,20",1,37,20,740,"-63.2329,-2.6238,0",1/1,8,"0,8",0,0,8,296,"-26.9942,-2.40824,0",0/0,32,"32,0",32,1108,0,0,"0,-9.63296,-100.014",0/0,15,"15,0",15,543,0,0,"0,-4.51545,-49.206",0/0,6,"6,0",6,192,0,0,"0,-1.80618,-17.5924",0/0,10,"10,0",10,362,0,0,"0,-3.0103,-32.9246",0/0,107,"101,6",101,3601,6,222,"0,-11.8721,-303.94",265
-0.01167979862541551,GCZN01054158.1,1102,A,G,2180.42,AB=0.10101;ABP=139.901;AC=11;AF=0.55;AN=20;AO=86;CIGAR=1X;DP=231;DPB=231;DPRA=3.69643;EPP=15.2311;EPPR=6.37983;GTI=2;LEN=1;MEANALT=1;MQM=60;MQMR=60;NS=10;NUMALT=1;ODDS=3.25077;PAIRED=1;PAIREDR=0.993103;PAO=0;PQA=0;PQR=0;PRO=0;QA=3046;QR=5179;RO=145;RPL=56;RPP=20.0791;RPPR=4.22333;RPR=30;RUN=1;SAF=38;SAP=5.53527;SAR=48;SRF=86;SRP=13.9276;SRR=59;TYPE=snp,GT:DP:AD:RO:QR:AO:QA:GL,1/1,15,"0,15",0,0,15,541,"-49.0241,-4.51545,0",1/1,29,"0,29",0,0,29,1005,"-90.7507,-8.72987,0",1/1,6,"0,6",0,0,6,208,"-19.0577,-1.80618,0",1/1,20,"1,19",1,15,19,679,"-59.9371,-4.52061,0",1/1,6,"0,6",0,0,6,218,"-19.9726,-1.80618,0",0/0,32,"31,1",31,1139,1,33,"0,-6.33382,-99.5199",0/0,9,"9,0",9,329,0,0,"0,-2.70927,-29.9589",0/0,9,"9,0",9,325,0,0,"0,-2.70927,-29.5957",0/0,6,"6,0",6,218,0,0,"0,-1.80618,-19.9726",0/1,99,"89,10",89,3153,10,362,"-3.12265,0,-254.169",231
-0.011379947700657606,GCZN01054158.1,1246,T,G,2961.97,AB=0.844828;ABP=62.913;AC=8;AF=0.4;AN=20;AO=110;CIGAR=1X;DP=297;DPB=297;DPRA=2.68927;EPP=28.5942;EPPR=9.73486;GTI=0;LEN=1;MEANALT=1.16667;MQM=60;MQMR=60;NS=10;NUMALT=1;ODDS=1.16268;PAIRED=1;PAIREDR=0.994624;PAO=0;PQA=0;PQR=0;PRO=0;QA=3904;QR=6772;RO=186;RPL=58;RPP=3.72096;RPPR=3.19709;RPR=52;RUN=1;SAF=63;SAP=8.06391;SAR=47;SRF=104;SRP=8.6608;SRR=82;TYPE=snp,GT:DP:AD:RO:QR:AO:QA:GL,0/1,20,"4,16",4,144,16,576,"-46.1527,0,-7.29258",1/1,30,"0,30",0,0,30,1102,"-99.4909,-9.0309,0",1/1,7,"0,7",0,0,7,225,"-20.5631,-2.10721,0",0/1,38,"5,33",5,185,33,1157,"-92.9913,0,-5.57087",1/1,18,"0,18",0,0,18,626,"-56.6618,-5.41854,0",0/0,27,"27,0",27,981,0,0,"0,-8.12781,-88.6045",0/0,16,"16,0",16,592,0,0,"0,-4.81648,-53.6185",0/0,6,"6,0",6,218,0,0,"0,-1.80618,-19.9726",0/0,10,"10,0",10,370,0,0,"0,-3.0103,-33.6502",0/0,125,"118,6",118,4282,6,218,"0,-17.6898,-365.563",297
-0.011379947700657606,GCZN01054158.1,1268,A,G,2306.25,AB=0.87234;ABP=59.6072;AC=8;AF=0.4;AN=20;AO=86;CIGAR=1X;DP=257;DPB=257;DPRA=2.62821;EPP=35.7339;EPPR=78.3007;GTI=1;LEN=1;MEANALT=1;MQM=60;MQMR=60;NS=10;NUMALT=1;ODDS=3.90657;PAIRED=1;PAIREDR=0.994152;PAO=0;PQA=0;PQR=0;PRO=0;QA=3043;QR=6070;RO=171;RPL=34;RPP=11.1912;RPPR=3.12459;RPR=52;RUN=1;SAF=57;SAP=22.806;SAR=29;SRF=95;SRP=7.59452;SRR=76;TYPE=snp,GT:DP:AD:RO:QR:AO:QA:GL,0/1,17,"3,14",3,111,14,466,"-37.1341,0,-5.23641",1/1,26,"0,26",0,0,26,954,"-86.1783,-7.82678,0",1/1,2,"0,2",0,0,2,74,"-7.02588,-0.60206,0",0/1,30,"3,27",3,111,27,938,"-75.6914,0,-1.32302",1/1,14,"0,14",0,0,14,504,"-45.6954,-4.21442,0",0/0,21,"21,0",21,745,0,0,"0,-6.32163,-67.3706",0/0,12,"12,0",12,430,0,0,"0,-3.61236,-39.0376",0/0,11,"11,0",11,384,0,0,"0,-3.31133,-34.8917",0/0,8,"8,0",8,278,0,0,"0,-2.40824,-25.3558",0/0,116,"113,3",113,4011,3,107,"0,-24.9377,-351.171",257
-0.012424775263483913,GCZN01054158.1,1326,T,A,3306.13,AB=0.88;ABP=34.3664;AC=9;AF=0.45;AN=20;AO=121;CIGAR=1X;DP=291;DPB=291;DPRA=2.4127;EPP=4.46393;EPPR=4.84966;GTI=1;LEN=1;MEANALT=1;MQM=60;MQMR=59.9941;NS=10;NUMALT=1;ODDS=2.37215;PAIRED=0.983471;PAIREDR=0.964706;PAO=0;PQA=0;PQR=0;PRO=0;QA=4287;QR=6146;RO=170;RPL=61;RPP=3.02825;RPPR=19.5646;RPR=60;RUN=1;SAF=42;SAP=27.5784;SAR=79;SRF=64;SRP=25.5425;SRR=106;TYPE=snp,GT:DP:AD:RO:QR:AO:QA:GL,0/1,25,"3,22",3,111,22,792,"-64.0764,0,-2.82817",1/1,39,"1,38",1,15,38,1334,"-118.846,-10.2402,0",1/1,4,"0,4",0,0,4,144,"-13.3132,-1.20412,0",1/1,28,"1,27",1,37,27,947,"-81.8362,-4.73101,0",1/1,23,"0,23",0,0,23,811,"-73.3035,-6.92369,0",0/0,29,"29,0",29,1051,0,0,"0,-8.72987,-94.8975",0/0,20,"20,0",20,740,0,0,"0,-6.0206,-66.9307",0/0,10,"10,0",10,366,0,0,"0,-3.0103,-33.2874",0/0,4,"4,0",4,148,0,0,"0,-1.20412,-13.682",0/0,109,"102,7",102,3678,7,259,"0,-9.14616,-307.528",291
-0.012424775263483913,GCZN01054158.1,1344,A,G,3790.04,AB=0;ABP=0;AC=10;AF=0.5;AN=20;AO=134;CIGAR=1X;DP=348;DPB=348;DPRA=2.60094;EPP=9.49231;EPPR=40.9448;GTI=2;LEN=1;MEANALT=1.16667;MQM=60;MQMR=60;NS=10;NUMALT=1;ODDS=3.8333;PAIRED=0.985075;PAIREDR=0.962441;PAO=0;PQA=0;PQR=0;PRO=0;QA=4906;QR=7701;RO=213;RPL=81;RPP=15.715;RPPR=5.30411;RPR=53;RUN=1;SAF=48;SAP=26.4103;SAR=86;SRF=81;SRP=29.5267;SRR=132;TYPE=snp,GT:DP:AD:RO:QR:AO:QA:GL,1/1,27,"2,25",2,74,25,899,"-74.2012,-1.10193,0",1/1,43,"0,42",0,0,42,1550,"-139.574,-12.6433,0",1/1,4,"0,4",0,0,4,148,"-13.682,-1.20412,0",1/1,33,"1,32",1,37,32,1180,"-102.809,-6.23616,0",1/1,22,"0,22",0,0,22,796,"-71.9627,-6.62266,0",0/0,35,"35,0",35,1253,0,0,"0,-10.536,-113.065",0/0,23,"23,0",23,851,0,0,"0,-6.92369,-76.9148",0/0,8,"8,0",8,292,0,0,"0,-2.40824,-26.6303",0/0,5,"5,0",5,181,0,0,"0,-1.50515,-16.6432",0/0,148,"139,9",139,5013,9,333,"0,-14.2302,-420.959",348
-0.0117327999321092,GCZN01054158.1,1520,G,A,2673.29,AB=0.592593;ABP=5.02092;AC=10;AF=0.5;AN=20;AO=92;CIGAR=1X;DP=231;DPB=231;DPRA=1.7236;EPP=7.63648;EPPR=20.0228;GTI=1;LEN=1;MEANALT=1;MQM=60;MQMR=60;NS=10;NUMALT=1;ODDS=1.33984;PAIRED=1;PAIREDR=0.978417;PAO=0;PQA=0;PQR=0;PRO=0;QA=3344;QR=4967;RO=139;RPL=26;RPP=40.775;RPPR=18.0231;RPR=66;RUN=1;SAF=63;SAP=30.2953;SAR=29;SRF=72;SRP=3.40085;SRR=67;TYPE=snp,GT:DP:AD:RO:QR:AO:QA:GL,0/1,17,"2,15",2,74,15,555,"-45.173,0,-1.90837",1/1,26,"0,26",0,0,26,952,"-85.9969,-7.82678,0",1/1,13,"0,13",0,0,13,477,"-43.2725,-3.91339,0",1/1,18,"0,18",0,0,18,654,"-59.1915,-5.41854,0",1/1,18,"0,18",0,0,18,658,"-59.5525,-5.41854,0",0/0,27,"27,0",27,949,0,0,"0,-8.12781,-85.7221",0/0,14,"14,0",14,510,0,0,"0,-4.21442,-46.2391",0/1,10,"9,1",9,319,1,33,"-0.288835,0,-26.0393",0/0,5,"5,0",5,171,0,0,"0,-1.50515,-15.725",0/0,83,"82,1",82,2944,1,15,"0,-23.4855,-263.681",231
-0.012424775263483913,GCZN01054158.1,1600,T,A,3288.38,AB=0;ABP=0;AC=10;AF=0.5;AN=20;AO=111;CIGAR=1X;DP=247;DPB=247;DPRA=2.17241;EPP=15.2371;EPPR=53.0819;GTI=0;LEN=1;MEANALT=1;MQM=60;MQMR=60;NS=10;NUMALT=1;ODDS=1.47678;PAIRED=0.981982;PAIREDR=0.985294;PAO=0;PQA=0;PQR=0;PRO=0;QA=4021;QR=4994;RO=136;RPL=57;RPP=3.18637;RPPR=28.557;RPR=54;RUN=1;SAF=58;SAP=3.49937;SAR=53;SRF=70;SRP=3.26577;SRR=66;TYPE=snp,GT:DP:AD:RO:QR:AO:QA:GL,1/1,25,"1,24",1,37,24,832,"-71.4902,-3.82792,0",1/1,31,"0,31",0,0,31,1143,"-103.179,-9.33193,0",1/1,5,"0,5",0,0,5,185,"-17.01,-1.50515,0",1/1,24,"0,24",0,0,24,878,"-79.3405,-7.22472,0",1/1,26,"1,25",1,37,25,909,"-78.4314,-4.12895,0",0/0,33,"33,0",33,1217,0,0,"0,-9.93399,-109.835",0/0,10,"10,0",10,366,0,0,"0,-3.0103,-33.2874",0/0,8,"8,0",8,296,0,0,"0,-2.40824,-26.9942",0/0,7,"7,0",7,251,0,0,"0,-2.10721,-22.9371",0/0,78,"76,2",76,2790,2,74,"0,-16.4545,-244.298",247
-0.011422048585077742,GCZN01054158.1,1756,C,T,2939.06,AB=0.722222;ABP=18.4519;AC=10;AF=0.5;AN=20;AO=112;CIGAR=1X;DP=336;DPB=336;DPRA=1.12705;EPP=25.423;EPPR=15.5738;GTI=2;LEN=1;MEANALT=1;MQM=60;MQMR=60;NS=10;NUMALT=1;ODDS=1.87935;PAIRED=0.991071;PAIREDR=0.991071;PAO=0;PQA=0;PQR=0;PRO=0;QA=4041;QR=8061;RO=224;RPL=47;RPP=9.29206;RPPR=6.15118;RPR=65;RUN=1;SAF=52;SAP=4.25114;SAR=60;SRF=95;SRP=14.2166;SRR=129;TYPE=snp,GT:DP:AD:RO:QR:AO:QA:GL,0/1,29,"4,25",4,134,25,906,"-73.1276,0,-3.66011",1/1,36,"0,36",0,0,36,1268,"-114.411,-10.8371,0",1/1,14,"0,14",0,0,14,510,"-46.2391,-4.21442,0",1/1,13,"0,13",0,0,13,473,"-42.9106,-3.91339,0",1/1,13,"0,13",0,0,13,477,"-43.2725,-3.91339,0",0/0,44,"44,0",44,1564,0,0,"0,-13.2453,-141.042",0/0,17,"17,0",17,599,0,0,"0,-5.11751,-54.2332",0/0,24,"22,2",22,814,2,74,"0,-0.198844,-66.5609",0/1,7,"6,1",6,222,1,37,"-1.59062,0,-18.2309",0/0,139,"131,8",131,4728,8,296,"0,-14.849,-398.655",336
-0.012424775263483913,GCZN01054158.1,1903,T,C,3254.25,AB=0.793103;ABP=24.6501;AC=9;AF=0.45;AN=20;AO=120;CIGAR=1X;DP=328;DPB=328;DPRA=1.42105;EPP=19.2963;EPPR=3.05206;GTI=1;LEN=1;MEANALT=1;MQM=60;MQMR=60;NS=10;NUMALT=1;ODDS=5.63059;PAIRED=0.991667;PAIREDR=0.990385;PAO=0;PQA=0;PQR=0;PRO=0;QA=4290;QR=7538;RO=208;RPL=59;RPP=3.08268;RPPR=4.05428;RPR=61;RUN=1;SAF=58;SAP=3.29983;SAR=62;SRF=108;SRP=3.67845;SRR=100;TYPE=snp,GT:DP:AD:RO:QR:AO:QA:GL,0/1,29,"6,23",6,208,23,793,"-62.9494,0,-10.3278",1/1,38,"0,38",0,0,38,1340,"-120.887,-11.4391,0",1/1,5,"0,5",0,0,5,185,"-17.01,-1.50515,0",1/1,29,"0,29",0,0,29,1061,"-95.8025,-8.72987,0",1/1,15,"0,15",0,0,15,545,"-49.3856,-4.51545,0",0/0,51,"51,0",51,1837,0,0,"0,-15.3525,-165.601",0/0,6,"6,0",6,218,0,0,"0,-1.80618,-19.9726",0/0,19,"19,0",19,695,0,0,"0,-5.71957,-62.8808",0/0,18,"17,1",17,625,1,37,"0,-1.72071,-52.8876",0/0,118,"109,9",109,3955,9,329,"0,-5.56259,-326.157",328
-0.012424775263483913,GCZN01054158.1,1939,C,T,2753.35,AB=0.785714;ABP=22.8638;AC=9;AF=0.45;AN=20;AO=98;CIGAR=1X;DP=317;DPB=317;DPRA=1.53472;EPP=13.7347;EPPR=13.8082;GTI=2;LEN=1;MEANALT=1;MQM=60;MQMR=60;NS=10;NUMALT=1;ODDS=0.0414501;PAIRED=1;PAIREDR=0.986301;PAO=0;PQA=0;PQR=0;PRO=0;QA=3538;QR=7787;RO=219;RPL=61;RPP=15.7732;RPPR=7.38299;RPR=37;RUN=1;SAF=43;SAP=6.20103;SAR=55;SRF=121;SRP=8.25555;SRR=98;TYPE=snp,GT:DP:AD:RO:QR:AO:QA:GL,0/1,28,"6,22",6,190,22,800,"-63.8945,0,-8.97966",1/1,27,"0,27",0,0,27,947,"-85.534,-8.12781,0",1/1,7,"0,7",0,0,7,255,"-23.3016,-2.10721,0",1/1,27,"0,27",0,0,27,995,"-89.8667,-8.12781,0",1/1,11,"0,11",0,0,11,397,"-36.071,-3.31133,0",0/0,54,"54,0",54,1976,0,0,"0,-16.2556,-178.102",0/0,12,"12,0",12,444,0,0,"0,-3.61236,-40.3063",0/0,17,"17,0",17,629,0,0,"0,-5.11751,-56.9466",0/0,13,"13,0",13,449,0,0,"0,-3.91339,-40.7335",0/0,121,"117,4",117,4099,4,144,"0,-23.1115,-355.753",317
0.0045176856219610794,GCZN01054158.1,2026,C,A,2446.47,AB=0.452489;ABP=7.34342;AC=3;AF=0.15;AN=20;AO=100;CIGAR=1X;DP=369;DPB=369;DPRA=3.48423;EPP=7.26639;EPPR=8.89507;GTI=1;LEN=1;MEANALT=1;MQM=60;MQMR=60;NS=10;NUMALT=1;ODDS=3.46642;PAIRED=1;PAIREDR=0.992565;PAO=0;PQA=0;PQR=0;PRO=0;QA=3644;QR=9743;RO=269;RPL=53;RPP=3.79203;RPPR=3.40585;RPR=47;RUN=1;SAF=46;SAP=4.40004;SAR=54;SRF=121;SRP=8.89507;SRR=148;TYPE=snp,GT:DP:AD:RO:QR:AO:QA:GL,0/0,31,"31,0",31,1131,0,0,"0,-9.33193,-102.099",0/0,44,"44,0",44,1598,0,0,"0,-13.2453,-144.105",0/0,9,"9,0",9,333,0,0,"0,-2.70927,-30.3222",0/0,15,"15,0",15,551,0,0,"0,-4.51545,-49.929",0/0,9,"9,0",9,325,0,0,"0,-2.70927,-29.5957",0/1,46,"25,21",25,917,21,773,"-56.0507,0,-69.0027",0/1,14,"5,9",5,181,9,333,"-26.1078,0,-12.4288",0/0,17,"17,0",17,587,0,0,"0,-5.11751,-53.1497",0/0,23,"23,0",23,843,0,0,"0,-6.92369,-76.1937",0/1,161,"91,70",91,3277,70,2538,"-180.189,0,-246.663",369
-0.012424775263483913,GCZN01054158.1,2035,C,A,2735.82,AB=0.861111;ABP=43.7857;AC=9;AF=0.45;AN=20;AO=103;CIGAR=1X;DP=341;DPB=341;DPRA=1.94636;EPP=23.2703;EPPR=45.1989;GTI=2;LEN=1;MEANALT=1;MQM=60;MQMR=59.6639;NS=10;NUMALT=1;ODDS=1.26864;PAIRED=0.980583;PAIREDR=1;PAO=0;PQA=0;PQR=0;PRO=0;QA=3775;QR=8648;RO=238;RPL=41;RPP=12.3076;RPPR=42.7537;RPR=62;RUN=1;SAF=53;SAP=3.20004;SAR=50;SRF=105;SRP=10.1634;SRR=133;TYPE=snp,GT:DP:AD:RO:QR:AO:QA:GL,0/1,36,"5,31",5,181,31,1119,"-90.179,0,-5.48554",1/1,37,"2,35",2,74,35,1295,"-110.157,-4.44328,0",1/1,11,"0,11",0,0,11,407,"-36.9783,-3.31133,0",1/1,12,"0,12",0,0,12,436,"-39.582,-3.61236,0",1/1,6,"0,6",0,0,6,222,"-20.3381,-1.80618,0",0/0,38,"38,0",38,1384,0,0,"0,-11.4391,-124.855",0/0,15,"15,0",15,551,0,0,"0,-4.51545,-49.929",0/0,13,"13,0",13,459,0,0,"0,-3.91339,-41.6428",0/0,21,"21,0",21,777,0,0,"0,-6.32163,-70.2588",0/0,152,"144,8",144,5222,8,296,"0,-18.7624,-443.088",341
-0.012424775263483913,GCZN01054158.1,2078,C,T,2927.77,AB=0.882353;ABP=46.1843;AC=9;AF=0.45;AN=20;AO=108;CIGAR=1X;DP=355;DPB=355;DPRA=1.82456;EPP=38.4777;EPPR=52.4618;GTI=2;LEN=1;MEANALT=1;MQM=60;MQMR=60;NS=10;NUMALT=1;ODDS=2.1746;PAIRED=0.990741;PAIREDR=0.991903;PAO=0;PQA=0;PQR=0;PRO=0;QA=3895;QR=8849;RO=247;RPL=63;RPP=9.52472;RPPR=42.4748;RPR=45;RUN=1;SAF=58;SAP=4.2971;SAR=50;SRF=100;SRP=22.4305;SRR=147;TYPE=snp,GT:DP:AD:RO:QR:AO:QA:GL,0/1,34,"4,30",4,148,30,1067,"-86.0985,0,-3.44695",1/1,39,"0,39",0,0,39,1425,"-128.543,-11.7402,0",1/1,10,"0,10",0,0,10,356,"-32.3792,-3.0103,0",1/1,16,"0,16",0,0,16,592,"-53.6185,-4.81648,0",1/1,5,"0,5",0,0,5,181,"-16.6432,-1.50515,0",0/0,38,"38,0",38,1376,0,0,"0,-11.4391,-124.135",0/0,18,"18,0",18,622,0,0,"0,-5.41854,-56.2941",0/0,20,"20,0",20,722,0,0,"0,-6.0206,-65.3058",0/0,19,"19,0",19,671,0,0,"0,-5.71957,-60.7095",0/0,156,"148,8",148,5310,8,274,"0,-21.9721,-453.008",355
-0.011422048585077742,GCZN01054158.1,2144,C,A,3582.64,AB=0.2;ABP=10.8276;AC=11;AF=0.55;AN=20;AO=122;CIGAR=1X;DP=322;DPB=322;DPRA=1.54286;EPP=3.0815;EPPR=5.78978;GTI=1;LEN=1;MEANALT=1;MQM=60;MQMR=60;NS=10;NUMALT=1;ODDS=0.802866;PAIRED=1;PAIREDR=0.995;PAO=0;PQA=0;PQR=0;PRO=0;QA=4392;QR=7188;RO=200;RPL=66;RPP=4.7902;RPPR=4.09604;RPR=56;RUN=1;SAF=62;SAP=3.0815;SAR=60;SRF=111;SRP=8.26526;SRR=89;TYPE=snp,GT:DP:AD:RO:QR:AO:QA:GL,1/1,25,"1,24",1,33,24,866,"-74.9565,-4.22662,0",1/1,47,"0,47",0,0,47,1703,"-153.551,-14.1484,0",1/1,9,"0,9",0,0,9,329,"-29.9589,-2.70927,0",1/1,21,"0,21",0,0,21,765,"-69.1766,-6.32163,0",1/1,16,"0,16",0,0,16,566,"-51.2654,-4.81648,0",0/0,40,"40,0",40,1444,0,0,"0,-12.0412,-130.253",0/0,15,"15,0",15,543,0,0,"0,-4.51545,-49.206",0/0,15,"15,0",15,539,0,0,"0,-4.51545,-48.8445",0/1,10,"8,2",8,280,2,74,"-4.01558,0,-22.5286",0/0,124,"121,3",121,4349,3,89,"0,-29.0251,-383.263",322
-0.012424775263483913,GCZN01054158.1,2254,T,A,3876.52,AB=0;ABP=0;AC=10;AF=0.5;AN=20;AO=143;CIGAR=1X;DP=331;DPB=331;DPRA=1.97579;EPP=12.501;EPPR=13.4056;GTI=0;LEN=1;MEANALT=1;MQM=60;MQMR=60;NS=10;NUMALT=1;ODDS=0.184593;PAIRED=0.993007;PAIREDR=0.989362;PAO=0;PQA=0;PQR=0;PRO=0;QA=5155;QR=6784;RO=188;RPL=45;RPP=45.6653;RPPR=29.6224;RPR=98;RUN=1;SAF=76;SAP=4.24029;SAR=67;SRF=103;SRP=6.75262;SRR=85;TYPE=snp,GT:DP:AD:RO:QR:AO:QA:GL,1/1,40,"3,37",3,111,37,1325,"-109.189,-1.68728,0",1/1,44,"0,44",0,0,44,1580,"-142.481,-13.2453,0",1/1,10,"0,10",0,0,10,370,"-33.6502,-3.0103,0",1/1,25,"1,24",1,33,24,856,"-74.0541,-4.22662,0",1/1,16,"0,16",0,0,16,584,"-52.8959,-4.81648,0",0/0,34,"34,0",34,1240,0,0,"0,-10.235,-111.902",0/0,17,"17,0",17,619,0,0,"0,-5.11751,-56.0425",0/0,11,"10,1",10,366,1,33,"0,-0.0121951,-29.9883",0/0,8,"8,0",8,296,0,0,"0,-2.40824,-26.9942",0/0,126,"115,11",115,4119,11,407,"0,-0.951486,-333.885",331
-0.012424775263483913,GCZN01054158.1,2443,A,G,3056.28,AB=0.8125;ABP=43.7254;AC=9;AF=0.45;AN=20;AO=116;CIGAR=1X;DP=339;DPB=339;DPRA=1.73759;EPP=3.08518;EPPR=46.7221;GTI=1;LEN=1;MEANALT=1;MQM=60;MQMR=60;NS=10;NUMALT=1;ODDS=0.627651;PAIRED=0.965517;PAIREDR=0.991031;PAO=0;PQA=0;PQR=0;PRO=0;QA=4168;QR=7951;RO=223;RPL=69;RPP=12.0706;RPPR=3.25374;RPR=47;RUN=1;SAF=58;SAP=3.0103;SAR=58;SRF=117;SRP=4.18854;SRR=106;TYPE=snp,GT:DP:AD:RO:QR:AO:QA:GL,0/1,48,"9,39",9,277,39,1388,"-110.762,0,-10.778",1/1,22,"0,22",0,0,22,797,"-72.0543,-6.62266,0",1/1,10,"0,10",0,0,10,362,"-32.9246,-3.0103,0",1/1,32,"1,31",1,37,31,1111,"-96.5961,-5.93513,0",1/1,4,"0,4",0,0,4,144,"-13.3134,-1.20412,0",0/0,35,"35,0",35,1275,0,0,"0,-10.536,-115.052",0/0,23,"23,0",23,825,0,0,"0,-6.92369,-74.5667",0/0,26,"26,0",26,932,0,0,"0,-7.82678,-84.1918",0/0,10,"10,0",10,330,0,0,"0,-3.0103,-30.0164",0/0,129,"119,10",119,4275,10,366,"0,-5.54543,-351.615",339
-0.011422048585077742,GCZN01054158.1,2555,A,G,5220.77,AB=0.650794;ABP=15.4532;AC=10;AF=0.5;AN=20;AO=196;CIGAR=1X;DP=512;DPB=512;DPRA=1.34758;EPP=24.4591;EPPR=6.33623;GTI=2;LEN=1;MEANALT=1;MQM=60;MQMR=60;NS=10;NUMALT=1;ODDS=0.841786;PAIRED=0.994898;PAIREDR=1;PAO=0;PQA=0;PQR=0;PRO=0;QA=6986;QR=11432;RO=316;RPL=103;RPP=4.11819;RPPR=8.39775;RPR=93;RUN=1;SAF=105;SAP=5.18177;SAR=91;SRF=171;SRP=7.6556;SRR=145;TYPE=snp,GT:DP:AD:RO:QR:AO:QA:GL,0/1,51,"11,40",11,403,40,1422,"-112.915,0,-21.2633",1/1,52,"0,52",0,0,52,1886,"-170.011,-15.6536,0",1/1,14,"0,14",0,0,14,510,"-46.2391,-4.21442,0",1/1,42,"2,40",2,74,40,1428,"-121.782,-5.61738,0",1/1,30,"0,30",0,0,30,1060,"-95.7023,-9.0309,0",0/0,56,"55,1",55,2017,1,33,"0,-13.5585,-178.494",0/0,39,"39,0",39,1419,0,0,"0,-11.7402,-128.005",0/0,38,"37,1",37,1349,1,37,"0,-7.74131,-118.01",0/1,12,"11,1",11,403,1,37,"-0.0854694,0,-33.0035",0/0,178,"161,17",161,5767,17,573,"0,-1.70126,-467.222",512
0.0045176856219610794,GCZN01054158.1,2666,A,G,1536.61,AB=0.425;ABP=10.8276;AC=3;AF=0.15;AN=20;AO=68;CIGAR=1X;DP=288;DPB=288;DPRA=2.91667;EPP=28.0461;EPPR=46.3999;GTI=1;LEN=1;MEANALT=1;MQM=60;MQMR=60;NS=10;NUMALT=1;ODDS=0.818189;PAIRED=1;PAIREDR=0.995413;PAO=0;PQA=0;PQR=0;PRO=0;QA=2412;QR=7700;RO=218;RPL=35;RPP=3.13803;RPPR=3.05014;RPR=33;RUN=1;SAF=29;SAP=6.20364;SAR=39;SRF=120;SRP=7.83137;SRR=98;TYPE=snp,GT:DP:AD:RO:QR:AO:QA:GL,0/0,25,"25,0",25,891,0,0,"0,-7.52575,-80.5062",0/0,35,"33,0",33,1161,0,0,"0,-9.93399,-104.461",0/0,4,"4,0",4,140,0,0,"0,-1.20412,-12.9444",0/0,24,"24,0",24,884,0,0,"0,-7.22472,-79.8824",0/0,14,"14,0",14,502,0,0,"0,-4.21442,-45.5157",0/1,38,"22,16",22,740,16,564,"-39.6502,0,-55.469",0/1,16,"12,4",12,436,4,122,"-6.46369,0,-34.7656",0/0,12,"12,0",12,414,0,0,"0,-3.61236,-37.5857",0/0,14,"14,0",14,506,0,0,"0,-4.21442,-45.8774",0/1,106,"58,48",58,2026,48,1726,"-123.707,0,-150.69",288
-0.010677071947009346,GCZN01054158.1,2699,A,G,4205.79,AB=0.234375;ABP=120.677;AC=11;AF=0.55;AN=20;AO=157;CIGAR=1X;DP=395;DPB=395;DPRA=1.12153;EPP=4.13061;EPPR=19.1047;GTI=2;LEN=1;MEANALT=1;MQM=60;MQMR=60;NS=10;NUMALT=1;ODDS=1.46075;PAIRED=0.993631;PAIREDR=0.991597;PAO=0;PQA=0;PQR=0;PRO=0;QA=5661;QR=8640;RO=238;RPL=59;RPP=24.0473;RPPR=14.8348;RPR=98;RUN=1;SAF=100;SAP=28.5839;SAR=57;SRF=149;SRP=35.8561;SRR=89;TYPE=snp,GT:DP:AD:RO:QR:AO:QA:GL,0/1,32,"5,27",5,173,27,971,"-78.072,0,-6.27666",1/1,51,"0,51",0,0,51,1839,"-165.779,-15.3525,0",1/1,7,"0,7",0,0,7,255,"-23.3016,-2.10721,0",1/1,39,"1,38",1,37,38,1390,"-121.698,-8.04234,0",1/1,15,"0,15",0,0,15,529,"-47.9397,-4.51545,0",0/0,50,"50,0",50,1824,0,0,"0,-15.0515,-164.433",0/0,22,"22,0",22,810,0,0,"0,-6.62266,-73.2262",0/0,19,"18,1",18,652,1,37,"0,-2.02174,-55.312",0/1,24,"19,5",19,695,5,177,"-9.0517,0,-55.6561",0/1,136,"123,13",123,4449,13,463,"-1.0646,0,-359.618",395
-0.01167979862541551,GCZN01054158.1,2775,G,A,5149.49,AB=0.273684;ABP=129.801;AC=10;AF=0.5;AN=20;AO=202;CIGAR=1X;DP=579;DPB=579;DPRA=1.21212;EPP=15.4371;EPPR=32.9489;GTI=2;LEN=1;MEANALT=1.125;MQM=60;MQMR=60;NS=10;NUMALT=1;ODDS=0.0538355;PAIRED=0.985149;PAIREDR=0.994681;PAO=0;PQA=0;PQR=0;PRO=0;QA=7252;QR=13288;RO=376;RPL=107;RPP=4.55828;RPPR=3.84193;RPR=95;RUN=1;SAF=107;SAP=4.55828;SAR=95;SRF=216;SRP=21.1213;SRR=160;TYPE=snp,GT:DP:AD:RO:QR:AO:QA:GL,0/1,64,"9,55",9,333,55,1935,"-155.149,0,-11.0563",1/1,46,"1,45",1,33,45,1661,"-146.473,-10.5482,0",1/1,10,"0,10",0,0,10,370,"-33.6502,-3.0103,0",1/1,38,"2,36",2,74,36,1296,"-109.908,-4.41326,0",1/1,28,"0,28",0,0,28,992,"-89.5866,-8.42884,0",0/0,68,"68,0",68,2436,0,0,"0,-20.47,-219.481",0/0,31,"31,0",31,1087,0,0,"0,-9.33193,-98.1285",0/0,37,"34,3",34,1206,3,111,"0,-0.784188,-98.4871",0/0,36,"34,2",34,1232,2,74,"0,-3.8112,-104.156",0/1,221,"197,23",197,6887,23,813,"-6.92752,0,-553.303",579
-0.012424775263483913,GCZN01054158.1,2975,C,T,5091.96,AB=0.820513;ABP=37.8095;AC=9;AF=0.45;AN=20;AO=182;CIGAR=1X;DP=532;DPB=532;DPRA=1.41014;EPP=30.4997;EPPR=8.98963;GTI=1;LEN=1;MEANALT=1.14286;MQM=60;MQMR=60;NS=10;NUMALT=1;ODDS=4.62465;PAIRED=1;PAIREDR=0.997135;PAO=0;PQA=0;PQR=0;PRO=0;QA=6562;QR=12521;RO=349;RPL=93;RPP=3.2012;RPPR=4.80845;RPR=89;RUN=1;SAF=96;SAP=4.20342;SAR=86;SRF=166;SRP=4.80845;SRR=183;TYPE=snp,GT:DP:AD:RO:QR:AO:QA:GL,0/1,39,"6,32",6,222,32,1110,"-88.5829,0,-8.70038",1/1,61,"0,61",0,0,61,2233,"-201.224,-18.3628,0",1/1,14,"0,14",0,0,14,518,"-46.9624,-4.21442,0",1/1,41,"1,40",1,37,40,1436,"-125.83,-8.6444,0",1/1,22,"0,22",0,0,22,810,"-73.2262,-6.62266,0",0/0,77,"77,0",77,2749,0,0,"0,-23.1793,-247.634",0/0,23,"23,0",23,833,0,0,"0,-6.92369,-75.2912",0/0,43,"40,3",40,1438,3,89,"0,-4.64169,-121.407",0/0,24,"24,0",24,854,0,0,"0,-7.22472,-77.1742",0/0,188,"178,10",178,6388,10,366,"0,-23.3062,-541.68",532
-0.0109878232940408,GCZN01054158.1,3021,T,C,5301.74,AB=0.237918;ABP=163.497;AC=11;AF=0.55;AN=20;AO=199;CIGAR=1X;DP=541;DPB=541;DPRA=1.27626;EPP=8.78271;EPPR=6.08338;GTI=2;LEN=1;MEANALT=1;MQM=60;MQMR=60;NS=10;NUMALT=1;ODDS=7.58643;PAIRED=0.98995;PAIREDR=0.997076;PAO=0;PQA=0;PQR=0;PRO=0;QA=7099;QR=12344;RO=342;RPL=79;RPP=21.3532;RPPR=3.23888;RPR=120;RUN=1;SAF=113;SAP=10.9651;SAR=86;SRF=184;SRP=7.30245;SRR=158;TYPE=snp,GT:DP:AD:RO:QR:AO:QA:GL,0/1,48,"7,41",7,255,41,1411,"-112.816,0,-8.85215",1/1,61,"0,61",0,0,61,2219,"-199.964,-18.3628,0",1/1,7,"0,7",0,0,7,259,"-23.6661,-2.10721,0",1/1,45,"1,44",1,37,44,1558,"-136.801,-9.84852,0",1/1,23,"0,23",0,0,23,851,"-76.9148,-6.92369,0",0/0,82,"82,0",82,2978,0,0,"0,-24.6845,-268.234",0/0,30,"30,0",30,1090,0,0,"0,-9.0309,-98.408",0/1,37,"33,4",33,1181,4,126,"-0.510854,0,-95.4512",0/0,24,"24,0",24,874,0,0,"0,-7.22472,-78.98",0/1,184,"165,19",165,5929,19,675,"-5.68431,0,-478.283",541
-0.0117327999321092,GCZN01054158.1,3066,A,C,4959.08,AB=0.638889;ABP=15.074;AC=10;AF=0.5;AN=20;AO=185;CIGAR=1X;DP=484;DPB=484;DPRA=1.70987;EPP=3.58545;EPPR=9.98951;GTI=3;LEN=1;MEANALT=1;MQM=60;MQMR=60;NS=10;NUMALT=1;ODDS=0.296342;PAIRED=0.983784;PAIREDR=0.996656;PAO=0;PQA=0;PQR=0;PRO=0;QA=6685;QR=10811;RO=299;RPL=94;RPP=3.11594;RPPR=3.59856;RPR=91;RUN=1;SAF=104;SAP=9.21954;SAR=81;SRF=171;SRP=16.4386;SRR=128;TYPE=snp,GT:DP:AD:RO:QR:AO:QA:GL,0/1,50,"6,44",6,212,44,1546,"-124.365,0,-4.37169",1/1,56,"0,56",0,0,56,2046,"-184.402,-16.8577,0",1/1,6,"0,6",0,0,6,222,"-20.3381,-1.80618,0",1/1,40,"3,37",3,111,37,1325,"-109.192,-1.68728,0",1/1,23,"0,23",0,0,23,851,"-76.9148,-6.92369,0",0/0,45,"45,0",45,1653,0,0,"0,-13.5463,-149.053",0/0,35,"35,0",35,1281,0,0,"0,-10.536,-115.59",0/1,22,"20,2",20,700,2,74,"-0.403216,0,-56.6941",0/0,17,"17,0",17,615,0,0,"0,-5.11751,-55.6813",0/0,190,"173,17",173,6239,17,621,"0,-0.971467,-505.339",484
-0.011379947700657606,GCZN01054158.1,3071,G,A,5457.6,AB=0.89;ABP=135.123;AC=8;AF=0.4;AN=20;AO=201;CIGAR=1X;DP=531;DPB=531;DPRA=1.53325;EPP=7.77458;EPPR=3.43143;GTI=1;LEN=1;MEANALT=1;MQM=60;MQMR=60;NS=10;NUMALT=1;ODDS=0.0815483;PAIRED=0.9801;PAIREDR=0.99697;PAO=0;PQA=0;PQR=0;PRO=0;QA=7313;QR=11964;RO=330;RPL=92;RPP=6.13247;RPPR=10.617;RPR=109;RUN=1;SAF=102;SAP=3.10753;SAR=99;SRF=165;SRP=3.0103;SRR=165;TYPE=snp,GT:DP:AD:RO:QR:AO:QA:GL,0/1,56,"7,49",7,249,49,1729,"-139.023,0,-5.89593",1/1,60,"0,60",0,0,60,2200,"-198.255,-18.0618,0",1/1,7,"0,7",0,0,7,259,"-23.6661,-2.10721,0",0/1,44,"4,40",4,148,40,1476,"-119.886,0,-0.436648",1/1,25,"0,25",0,0,25,925,"-83.5709,-7.52575,0",0/0,56,"56,0",56,2052,0,0,"0,-16.8577,-184.943",0/0,43,"43,0",43,1563,0,0,"0,-12.9443,-140.958",0/0,25,"23,2",23,829,2,74,"0,-0.499874,-67.9014",0/0,17,"17,0",17,625,0,0,"0,-5.11751,-56.5854",0/0,198,"180,18",180,6498,18,650,"0,-0.77348,-526.026",531
-0.0109878232940408,GCZN01054158.1,3134,C,G,5493.81,AB=0.288973;ABP=104.739;AC=11;AF=0.55;AN=20;AO=206;CIGAR=1X;DP=518;DPB=518;DPRA=1.045;EPP=40.9584;EPPR=99.9192;GTI=2;LEN=1;MEANALT=1;MQM=60;MQMR=60;NS=10;NUMALT=1;ODDS=1.91843;PAIRED=0.990291;PAIREDR=0.99359;PAO=0;PQA=0;PQR=0;PRO=0;QA=7442;QR=11212;RO=312;RPL=123;RPP=19.8761;RPPR=37.1136;RPR=83;RUN=1;SAF=78;SAP=29.3631;SAR=128;SRF=118;SRP=43.2104;SRR=194;TYPE=snp,GT:DP:AD:RO:QR:AO:QA:GL,0/1,53,"5,48",5,185,48,1709,"-138.129,0,-1.05542",1/1,66,"0,66",0,0,66,2404,"-216.602,-19.868,0",1/1,5,"0,5",0,0,5,185,"-17.01,-1.50515,0",1/1,40,"1,39",1,37,39,1419,"-124.307,-8.34337,0",1/1,19,"1,18",1,33,18,647,"-55.2591,-2.42044,0",0/0,68,"68,0",68,2454,0,0,"0,-20.47,-221.099",0/0,32,"32,0",32,1154,0,0,"0,-9.63296,-104.162",0/1,23,"20,3",20,710,3,99,"-2.31389,0,-57.2963",0/0,25,"23,2",23,815,2,74,"0,-0.499874,-66.6382",0/1,187,"162,25",162,5824,25,905,"-25.4762,0,-467.942",518
-0.012424775263483913,GCZN01054158.1,3307,G,A,5961.52,AB=0.852941;ABP=76.5849;AC=9;AF=0.45;AN=20;AO=221;CIGAR=1X;DP=589;DPB=589;DPRA=1.62369;EPP=8.20808;EPPR=28.7139;GTI=1;LEN=1;MEANALT=1;MQM=60;MQMR=60;NS=10;NUMALT=1;ODDS=3.23273;PAIRED=0.986425;PAIREDR=0.997283;PAO=0;PQA=0;PQR=0;PRO=0;QA=7971;QR=12990;RO=368;RPL=89;RPP=21.178;RPPR=9.83156;RPR=132;RUN=1;SAF=92;SAP=16.4616;SAR=129;SRF=146;SRP=37.093;SRR=222;TYPE=snp,GT:DP:AD:RO:QR:AO:QA:GL,0/1,68,"10,58",10,366,58,2082,"-167.169,0,-12.8174",1/1,53,"0,53",0,0,53,1937,"-174.599,-15.9546,0",1/1,13,"0,13",0,0,13,457,"-41.4602,-3.91339,0",1/1,43,"1,42",1,33,42,1534,"-135.05,-9.64516,0",1/1,35,"1,34",1,37,34,1192,"-103.876,-6.83822,0",0/0,83,"83,0",83,2899,0,0,"0,-24.9855,-261.125",0/0,22,"22,0",22,788,0,0,"0,-6.62266,-71.2381",0/0,43,"40,3",40,1434,3,107,"0,-2.96248,-119.367",0/0,18,"18,0",18,648,0,0,"0,-5.41854,-58.6488",0/0,211,"193,18",193,6785,18,662,"0,-3.60375,-550.777",589
-0.0109878232940408,GCZN01054158.1,3460,T,G,3425.98,AB=0.262376;ABP=102.081;AC=11;AF=0.55;AN=20;AO=136;CIGAR=1X;DP=380;DPB=380;DPRA=2.1859;EPP=3.07417;EPPR=4.7546;GTI=3;LEN=1;MEANALT=1;MQM=60;MQMR=59.6721;NS=10;NUMALT=1;ODDS=3.63062;PAIRED=0.970588;PAIREDR=0.995902;PAO=0;PQA=0;PQR=0;PRO=0;QA=4846;QR=8784;RO=244;RPL=48;RPP=28.557;RPPR=9.02635;RPR=88;RUN=1;SAF=85;SAP=21.4678;SAR=51;SRF=166;SRP=71.9279;SRR=78;TYPE=snp,GT:DP:AD:RO:QR:AO:QA:GL,0/1,35,"4,31",4,148,31,1117,"-90.3012,0,-3.14592",1/1,38,"2,36",2,74,36,1324,"-112.765,-4.74431,0",1/1,4,"0,4",0,0,4,148,"-13.682,-1.20412,0",1/1,30,"0,30",0,0,30,1024,"-92.4536,-9.0309,0",1/1,13,"1,12",1,37,12,418,"-34.25,-0.215561,0",0/0,54,"53,1",53,1899,1,27,"0,-13.5558,-168.476",0/0,21,"21,0",21,747,0,0,"0,-6.32163,-67.5488",0/1,20,"18,2",18,644,2,64,"-0.0571318,0,-52.2637",0/0,18,"18,0",18,658,0,0,"0,-5.41854,-59.237",0/1,147,"127,20",127,4577,20,724,"-21.236,0,-367.814",380
-0.010401385265411912,GCZN01054158.1,3478,C,A,3825.33,AB=0.174863;ABP=171.044;AC=10;AF=0.5;AN=20;AO=148;CIGAR=1X;DP=433;DPB=433;DPRA=2.15556;EPP=3.24505;EPPR=5.21225;GTI=1;LEN=1;MEANALT=1;MQM=60;MQMR=60;NS=10;NUMALT=1;ODDS=0.0194762;PAIRED=0.966216;PAIREDR=0.996491;PAO=0;PQA=0;PQR=0;PRO=0;QA=5324;QR=10118;RO=285;RPL=56;RPP=22.0254;RPPR=19.8411;RPR=92;RUN=1;SAF=98;SAP=36.8148;SAR=50;SRF=193;SRP=80.7338;SRR=92;TYPE=snp,GT:DP:AD:RO:QR:AO:QA:GL,1/1,38,"3,35",3,89,35,1245,"-104.045,-3.13654,0",1/1,37,"0,37",0,0,37,1343,"-121.164,-11.1381,0",1/1,6,"0,6",0,0,6,214,"-19.6071,-1.80618,0",1/1,35,"0,35",0,0,35,1263,"-113.968,-10.5361,0",0/1,14,"3,11",3,85,11,393,"-31.4941,0,-3.71607",0/0,59,"58,1",58,2072,1,15,"0,-16.2608,-185.235",0/0,24,"24,0",24,858,0,0,"0,-7.22472,-77.5381",0/0,30,"28,2",28,998,2,74,"0,-2.00502,-83.1023",0/0,21,"21,0",21,765,0,0,"0,-6.32163,-69.1766",0/1,169,"148,21",148,5251,21,777,"-19.3847,0,-421.826",433
0.004933974271738355,GCZN01054158.1,3867,A,G,1523.82,AB=0.496296;ABP=3.02638;AC=7;AF=0.35;AN=20;AO=67;CIGAR=1X;DP=152;DPB=152;DPRA=3.40336;EPP=3.30199;EPPR=24.4951;GTI=0;LEN=1;MEANALT=1;MQM=60;MQMR=60;NS=10;NUMALT=1;ODDS=1.3287;PAIRED=0.985075;PAIREDR=1;PAO=0;PQA=0;PQR=0;PRO=0;QA=2391;QR=3051;RO=85;RPL=34;RPP=3.04271;RPPR=10.3933;RPR=33;RUN=1;SAF=9;SAP=80.8268;SAR=58;SRF=20;SRP=54.7424;SRR=65;TYPE=snp,GT:DP:AD:RO:QR:AO:QA:GL,0/1,5,"4,1",4,148,1,37,"-2.19268,0,-12.1768",0/0,11,"11,0",11,399,0,0,"0,-3.31133,-36.2534",0/0,1,"1,0",1,37,0,0,"0,-0.30103,-3.69783",0/0,5,"5,0",5,173,0,0,"0,-1.50515,-15.9096",0/1,4,"3,1",3,111,1,37,"-2.49371,0,-9.1498",0/1,24,"13,11",13,473,11,387,"-27.9413,0,-35.6859",0/1,7,"1,6",1,33,6,214,"-17.4999,0,-1.19192",0/1,15,"5,10",5,173,10,362,"-28.4092,0,-11.3942",0/1,7,"2,5",2,64,5,177,"-14.1692,0,-3.97052",0/1,73,"40,33",40,1440,33,1177,"-84.2598,0,-107.913",152
